"timestamp","x_pos","y_pos","z_pos","quat_x","quat_y","quat_z","quat_w","roll","yaw","pitch","forward_x","forward_y","forward_z"
51897690,0.7244568,1.48797321,-0.945737839,0.434296966,-0.0344241671,-0.08665295,0.895931065,50.5549622,347.551971,343.055084,-0.136949584,-0.7722344,0.6204023
51897702,0.728681564,1.48762178,-0.9458338,0.434041381,-0.0357992537,-0.0852022842,0.8961401,50.5179138,347.45343,343.199432,-0.138124928,-0.7718234,0.620653
51897713,0.732937336,1.487438,-0.9458492,0.434216976,-0.03702821,-0.08402556,0.8961162,50.53339,347.3376,343.291016,-0.139333814,-0.7719951,0.620169044
51897724,0.737350345,1.487359,-0.945614934,0.434937865,-0.037753433,-0.08328623,0.895805359,50.6196,347.244171,343.324829,-0.140088126,-0.772950649,0.6188075
51897736,0.7415486,1.487199,-0.9454248,0.435915172,-0.0383497365,-0.08276423,0.8953532,50.73691,347.142853,343.321228,-0.140829489,-0.7742481,0.6170145
51897747,0.745948136,1.48689115,-0.945339561,0.436855823,-0.0388538,-0.0825773254,0.8948902,50.8466759,347.032135,343.27124,-0.141688541,-0.7754591,0.615294755
51897758,0.750255346,1.486728,-0.945299745,0.437393129,-0.0391694456,-0.08271493,0.894601166,50.905323,346.945435,343.200562,-0.142439947,-0.776105,0.614306033
51897768,0.7547234,1.48658657,-0.945213437,0.437610418,-0.0393827446,-0.08305699,0.8944539,50.9232864,346.8745,343.118744,-0.1431453,-0.776302636,0.613892257
51897780,0.758967638,1.48659682,-0.9448308,0.437335,-0.03910881,-0.0836363062,0.894546568,50.8859062,346.887238,343.057648,-0.143123478,-0.775891244,0.6144172
51897791,0.7632066,1.48640871,-0.9442884,0.4367409,-0.038629774,-0.08423259,0.8948017,50.81276,346.946869,343.023865,-0.142707616,-0.7750852,0.615530252
51897802,0.767386138,1.48611248,-0.943653941,0.43573913,-0.0376725979,-0.0849532261,0.8952626,50.69646,347.093,343.0241,-0.141488627,-0.7738011,0.617424369
51897813,0.771510363,1.48558855,-0.9429475,0.434838444,-0.03656581,-0.08547661,0.8956965,50.59837,347.2729,343.062378,-0.139840767,-0.7727155,0.619156957
51897825,0.775498331,1.48514318,-0.942292452,0.4345145,-0.03555445,-0.08573265,0.89587,50.5735626,347.430634,343.110626,-0.138208479,-0.7724406,0.6198661
51897835,0.779265642,1.48449516,-0.9414824,0.4346074,-0.0342250839,-0.0861083046,0.895840645,50.604538,347.611,343.144562,-0.136167049,-0.7727838,0.6198901
51897847,0.783152342,1.48388362,-0.9408276,0.435074121,-0.0329791345,-0.08657095,0.895616233,50.6790733,347.7543,343.141754,-0.134402856,-0.7736088,0.619245768
51897858,0.786866248,1.48312879,-0.94015,0.435940981,-0.0312543474,-0.0870985538,0.8952053,50.8112831,347.9515,343.146973,-0.131897777,-0.775068939,0.617957234
51897869,0.790444732,1.48235679,-0.939357042,0.436818123,-0.0292661581,-0.08776453,0.894779742,50.9480362,348.180481,343.1496,-0.129047811,-0.7765749,0.616666853
51897880,0.793976963,1.48159313,-0.938624263,0.437558919,-0.0271024518,-0.08864592,0.894399,51.0686569,348.4278,343.136841,-0.126056433,-0.7778995,0.6156153
51897891,0.7972883,1.48066831,-0.9380083,0.4381393,-0.02474742,-0.08972066,0.89407593,51.1708336,348.6987,343.11438,-0.122872442,-0.7790189,0.6148431
51897902,0.8007219,1.4798,-0.9373869,0.438814819,-0.0224276353,-0.09062652,0.8937144,51.2866974,348.973145,343.113464,-0.119624324,-0.7802852,0.6138771
51897914,0.803912938,1.47873986,-0.9367213,0.439461678,-0.0201820061,-0.09153502,0.893357456,51.3979378,349.2371,343.108246,-0.116511755,-0.781498,0.612932265
51897925,0.806911767,1.47778392,-0.936238647,0.440314084,-0.01809516,-0.09228761,0.8929049,51.53398,349.478851,343.1085,-0.113585576,-0.7829772,0.6115922
51897937,0.8100526,1.47691727,-0.9358109,0.4414436,-0.0164162125,-0.09270541,0.8923362,51.7011147,349.6689,343.121674,-0.111145981,-0.7847884,0.6097161
51897948,0.812921345,1.47616291,-0.9353106,0.442688018,-0.0149545269,-0.09289813,0.8917251,51.8812981,349.837036,343.1513,-0.108920433,-0.786733568,0.607607365
51897959,0.8158003,1.4753499,-0.9347291,0.443980783,-0.0134510193,-0.09319448,0.8910752,52.0673027,350.002167,343.16568,-0.106724858,-0.788733363,0.605400264
51897974,0.818541,1.47451043,-0.934201956,0.444974035,-0.0118668713,-0.09399774,0.8905177,52.21202,350.1531,343.114746,-0.104788423,-0.790283561,0.6037146
51897983,0.821237266,1.47362566,-0.9335798,0.445865929,-0.0102624511,-0.09486872,0.889999032,52.34404,350.306549,343.058624,-0.102864608,-0.79169333,0.6021965
51897992,0.823720634,1.47295022,-0.9329548,0.4464583,-0.008658819,-0.09601868,0.8895957,52.43592,350.450317,342.968231,-0.101142377,-0.792672,0.6012
51898003,0.825925469,1.47226787,-0.9322916,0.447057426,-0.00702028256,-0.0974990949,0.8891481,52.5262,350.5721,342.824554,-0.09965953,-0.7936316,0.600180745
51898015,0.8282126,1.47166038,-0.9318309,0.4478243,-0.00546989031,-0.098838754,0.888625,52.6377335,350.6831,342.690338,-0.09824615,-0.794814467,0.598847
51898025,0.830414355,1.47108006,-0.931461,0.4487932,-0.004362298,-0.0999942049,0.8880128,52.76835,350.72644,342.5428,-0.0975009948,-0.7961958,0.597131252
51898037,0.8325992,1.470505,-0.9311843,0.4499947,-0.0035133108,-0.100755848,0.887322247,52.927433,350.748627,342.4308,-0.0969140753,-0.797872663,0.5949848
51898048,0.834661663,1.46993911,-0.930972457,0.451207668,-0.00301254448,-0.101226389,0.8866543,53.084343,350.736267,342.33905,-0.09669042,-0.799520552,0.5928051
51898059,0.836662352,1.469467,-0.93075037,0.45218277,-0.00246797549,-0.101691507,0.886105835,53.2124634,350.7423,342.261749,-0.09634007,-0.800861657,0.5910493
51898070,0.838634849,1.46910751,-0.930454254,0.452844918,-0.00208427664,-0.102264941,0.88570255,53.2971153,350.726471,342.166077,-0.09631242,-0.801745534,0.5898543
51898081,0.840544,1.4689188,-0.9301299,0.4532396,-0.00148485659,-0.10312,0.885402739,53.349617,350.735077,342.051483,-0.09610552,-0.8022929,0.589143336
51898092,0.8425066,1.46866536,-0.929746747,0.453675926,-0.0007468089,-0.104187071,0.8850552,53.4080124,350.746521,341.9099,-0.0958562642,-0.802900851,0.5883552
51898103,0.8443252,1.468446,-0.929439545,0.454104364,-6.189808E-07,-0.105260327,0.8847087,53.4656448,350.7589,341.768036,-0.09559944,-0.803500056,0.5875784
51898115,0.8462231,1.4682169,-0.9292263,0.4548347,0.00067327026,-0.106423974,0.884193957,53.55886,350.736359,341.590668,-0.09562003,-0.8044675,0.5862499
51898126,0.848121464,1.46807981,-0.929088235,0.455539376,0.001402867,-0.107784756,0.8836653,53.6480446,350.706726,341.3845,-0.09572107,-0.805391133,0.5849638
51898138,0.849941969,1.46794581,-0.929005742,0.4563197,0.00225612847,-0.109097511,0.8830997,53.74992,350.697662,341.192871,-0.09558191,-0.8064438,0.5835345
51898149,0.851797,1.46769381,-0.928858638,0.4568273,0.00297582,-0.110470593,0.882664263,53.81431,350.673737,340.991669,-0.0956786647,-0.8071078,0.5825999
51898161,0.8535478,1.46757841,-0.928701043,0.456971824,0.00361640914,-0.111373931,0.8824735,53.83652,350.6955,340.881958,-0.095406726,-0.8073366,0.582327366
51898171,0.8554705,1.467453,-0.9286113,0.456847668,0.00415167026,-0.112268426,0.882422149,53.82299,350.713745,340.7775,-0.09525209,-0.8071972,0.582545936
51898182,0.857248664,1.46728277,-0.928390861,0.456481785,0.00468708575,-0.113217644,0.882487535,53.77866,350.739471,340.674927,-0.09509099,-0.8067403,0.5832048
51898193,0.85901463,1.46713924,-0.9282087,0.4562051,0.005281664,-0.114062868,0.8825184,53.74798,350.7798,340.591125,-0.09474979,-0.8064237,0.583698034
51898204,0.8608691,1.46697831,-0.9281585,0.456183583,0.00590237742,-0.115035258,0.8823993,53.7486,350.800446,340.4754,-0.094537884,-0.806430161,0.5837234
51898215,0.862629652,1.46693611,-0.928221,0.456498146,0.00649285223,-0.1157473,0.8821394,53.7934761,350.8216,340.386383,-0.09422166,-0.806893051,0.583134532
51898226,0.8643831,1.46674657,-0.9283701,0.4571847,0.00703403,-0.116552182,0.8816736,53.883,350.807037,340.2593,-0.09416831,-0.807815,0.5818653
51898238,0.8660873,1.46663606,-0.9284309,0.458148271,0.007562467,-0.117349349,0.8810631,54.00711,350.776184,340.118774,-0.09420078,-0.809089959,0.580085933
51898250,0.8678575,1.46668017,-0.9285321,0.4590701,0.008106187,-0.118278071,0.880454,54.12503,350.737762,339.957947,-0.0943216,-0.8102977,0.5783779
51898260,0.8697014,1.46657133,-0.9286386,0.4594908,0.008484333,-0.11917688,0.880109668,54.176796,350.699738,339.8123,-0.09458707,-0.810826838,0.577592432
51898271,0.871614337,1.46659613,-0.92867136,0.459768,0.008648399,-0.1198472,0.879872262,54.208168,350.653137,339.695251,-0.0949848443,-0.8111472,0.5770772
51898282,0.873571455,1.46673632,-0.928652644,0.45985797,0.008747832,-0.120482907,0.8797375,54.214962,350.608521,339.587982,-0.09541845,-0.811216533,0.576908231
51898293,0.875556946,1.46686745,-0.928755641,0.4599629,0.008665015,-0.121181324,0.8795875,54.2187576,350.526581,339.4535,-0.09623455,-0.8112553,0.5767181
51898305,0.8775964,1.46703529,-0.9288887,0.4602149,0.008611692,-0.122042626,0.8793371,54.2398071,350.427063,339.285522,-0.09718651,-0.811470032,0.576256156
51898316,0.8797454,1.46717072,-0.92893064,0.460647583,0.008523269,-0.122957669,0.878983855,54.2819443,350.306671,339.095734,-0.09829667,-0.8118996,0.5754623
51898327,0.881859243,1.46744633,-0.9290308,0.460712433,0.008357008,-0.123817407,0.8788308,54.2766876,350.1981,338.927673,-0.09939965,-0.811846,0.575348437
51898338,0.884055,1.46771312,-0.9291272,0.460348278,0.008170146,-0.124693811,0.878899455,54.2169876,350.108582,338.777283,-0.100443691,-0.8112372,0.5760254
51898350,0.886290669,1.46796381,-0.929088235,0.459819049,0.008133064,-0.125539646,0.8790564,54.1404877,350.0567,338.653717,-0.1011522,-0.8104558,0.577000558
51898361,0.8885795,1.46832013,-0.9289832,0.459036678,0.008100309,-0.126459047,0.8793338,54.03166,350.0136,338.5312,-0.101852931,-0.809341669,0.5784394
51898373,0.8909474,1.46861911,-0.9289224,0.458184928,0.008195481,-0.127451226,0.8796338,53.9164429,349.989929,338.4106,-0.10237442,-0.808158934,0.5799988
51898383,0.8934297,1.468966,-0.9287542,0.457600534,0.008231119,-0.128395259,0.8798003,53.8337364,349.9459,338.279877,-0.103024,-0.8073079,0.581068
51898394,0.8958318,1.46924186,-0.928766966,0.457299,0.008272471,-0.129051492,0.879860759,53.7896919,349.912323,338.1851,-0.103472993,-0.806854,0.581618369
51898405,0.8982687,1.46948647,-0.9288311,0.45731312,0.008387199,-0.129789576,0.879743755,53.7857933,349.8661,338.065643,-0.103951782,-0.806813836,0.581588745
51898416,0.9006796,1.46977329,-0.9289578,0.457499832,0.00844356,-0.130497456,0.8795414,53.8022766,349.8029,337.9375,-0.104552209,-0.806983769,0.581245244
51898428,0.903173864,1.46998191,-0.9291127,0.457791179,0.008708127,-0.131020755,0.8793094,53.8389931,349.7846,337.852936,-0.10464602,-0.8073621,0.580702841
51898439,0.9057024,1.47022939,-0.9292345,0.45794484,0.008998141,-0.13152279,0.879151464,53.8594475,349.780243,337.7814,-0.104638912,-0.807572663,0.580411136
51898450,0.908283532,1.4705112,-0.9293066,0.457984,0.009298609,-0.132153511,0.8790334,53.86445,349.772919,337.694427,-0.104700819,-0.807624161,0.5803284
51898461,0.9108443,1.47073793,-0.9294145,0.457763553,0.00977540947,-0.132667974,0.8790656,53.8428841,349.820282,337.6561,-0.104274675,-0.807402134,0.5807139
51898472,0.9132571,1.47099066,-0.9293126,0.457613528,0.0100448485,-0.133153975,0.8790671,53.8253,349.8314,337.6018,-0.104205929,-0.807221,0.5809779
51898484,0.9158664,1.47110987,-0.9293268,0.457487345,0.0104187364,-0.133680433,0.8790486,53.8128548,349.855042,337.547821,-0.103997067,-0.8070928,0.581193566
51898494,0.9184874,1.47138548,-0.929353356,0.4573296,0.01069955,-0.134205818,0.8790472,53.7941971,349.865051,337.488068,-0.103941768,-0.8069005,0.5814703
51898506,0.9212703,1.47164369,-0.929466844,0.45715028,0.0110061057,-0.13476485,0.879051149,53.7731476,349.877655,337.42572,-0.10386572,-0.8066834,0.581784964
51898517,0.9238187,1.47184634,-0.929624557,0.457099527,0.01147283,-0.135356545,0.8789807,53.7717628,349.906738,337.363953,-0.103574038,-0.8066691,0.5818568
51898528,0.9265201,1.47205579,-0.9296739,0.456940621,0.0121984445,-0.136149541,0.8789311,53.76121,349.967621,337.29422,-0.102981329,-0.8065603,0.582112968
51898539,0.9292497,1.47229552,-0.929691434,0.4565725,0.0130230794,-0.137144744,0.8789558,53.72497,350.039459,337.2086,-0.102339618,-0.8061862,0.5827439
51898550,0.9318951,1.4723835,-0.9297384,0.4562613,0.01416651,-0.138231471,0.8789295,53.7030258,350.153076,337.130035,-0.101236619,-0.8059595,0.583249867
51898562,0.934584737,1.47252178,-0.929814935,0.456046969,0.0153492549,-0.139267042,0.8788574,53.6949158,350.272,337.058258,-0.10004501,-0.8058757,0.583571136
51898573,0.9373039,1.47271049,-0.929852366,0.456045747,0.01641653,-0.140188679,0.87869215,53.71183,350.369263,336.985382,-0.0990147442,-0.8060505,0.5835055
51898584,0.939976752,1.47304213,-0.929979444,0.45603,0.0174854547,-0.140920445,0.8785627,53.7292137,350.484161,336.946381,-0.09780377,-0.80623,0.583461761
51898595,0.942669034,1.47327387,-0.930077434,0.4562048,0.0184230972,-0.1413946,0.878376544,53.7698135,350.588776,336.931335,-0.09664497,-0.806649,0.5830755
51898606,0.945345342,1.47351027,-0.930191159,0.456365138,0.0193952769,-0.141891927,0.8781921,53.8093452,350.697968,336.915924,-0.0954435,-0.8070566,0.5827094
51898617,0.9479705,1.47370672,-0.930323243,0.4566975,0.0203876644,-0.142323792,0.877926946,53.871563,350.806458,336.904541,-0.0942000747,-0.807697356,0.5820235
51898629,0.9506172,1.47398663,-0.9304229,0.456807554,0.0213384889,-0.142890915,0.877755,53.90374,350.9089,336.878,-0.0930873752,-0.80802834,0.581743062
51898640,0.953048646,1.47435617,-0.93036747,0.4568841,0.0222319663,-0.143190667,0.8776441,53.9331,351.0274,336.895172,-0.09181957,-0.8083301,0.5815253
51898651,0.9556642,1.47467554,-0.930442,0.4568059,0.023040209,-0.143521726,0.877609849,53.94071,351.1378,336.908051,-0.09068251,-0.8084083,0.581595
51898662,0.958245754,1.47496819,-0.9305459,0.4568166,0.0234801378,-0.14371036,0.877561748,53.9514122,351.194061,336.910767,-0.09008801,-0.808518231,0.5815345
51898673,0.960712731,1.47529352,-0.930524349,0.4566253,0.0240827668,-0.143978357,0.8776011,53.9403458,351.282074,336.923584,-0.0892182,-0.808404565,0.5818267
51898684,0.9632455,1.47579384,-0.930562735,0.456590056,0.02470957,-0.144308016,0.8775478,53.9487343,351.359741,336.919464,-0.0884115547,-0.808490753,0.5818299
51898696,0.965730965,1.47612762,-0.930644155,0.4563043,0.0253844224,-0.144739583,0.8776061,53.9261932,351.450653,336.9144,-0.0875355452,-0.8082591,0.582284033
51898707,0.968159735,1.47647488,-0.9306749,0.456113517,0.026184354,-0.14526552,0.8775949,53.91782,351.548676,336.898132,-0.08655662,-0.8081731,0.5825497
51898718,0.970518351,1.4769367,-0.9308953,0.456129581,0.02686787,-0.145683482,0.8774966,53.9333534,351.625061,336.880524,-0.08574816,-0.808332741,0.5824478
51898729,0.9729463,1.47732663,-0.9310435,0.456152737,0.027458081,-0.146053523,0.877404749,53.9478722,351.689667,336.863251,-0.08506172,-0.8084819,0.5823415
51898740,0.975498855,1.47772956,-0.9312519,0.456207544,0.0279738829,-0.146140069,0.8773456,53.96712,351.765228,336.887848,-0.0842548758,-0.8086796,0.582184255
51898752,0.977905035,1.478103,-0.931401134,0.456043243,0.02825679,-0.146280438,0.8773985,53.9525681,351.809357,336.89502,-0.0838354751,-0.8085301,0.582452238
51898763,0.980307,1.47842216,-0.9315244,0.4557785,0.0286860075,-0.146527722,0.877480865,53.92826,351.8741,336.9006,-0.08322553,-0.8082804,0.5828861
51898774,0.982607245,1.4787004,-0.9315133,0.4552571,0.0291130636,-0.146839291,0.8776854,53.8713264,351.947144,336.907684,-0.0825950354,-0.8076949,0.583786845
51898786,0.9850385,1.47905254,-0.931483269,0.4548091,0.0294930376,-0.14729999,0.877827764,53.821,351.9949,336.880981,-0.08220714,-0.8071767,0.5845577
51898797,0.987332165,1.47933447,-0.931600332,0.454334378,0.0298815686,-0.1477913,0.877977848,53.7673378,352.042847,336.850922,-0.08182262,-0.8066235,0.5853747
51898807,0.9896397,1.4796375,-0.9317988,0.453942,0.0301890932,-0.148307621,0.8780832,53.72168,352.070465,336.8057,-0.0816290453,-0.8061522,0.58605057
51898818,0.991894364,1.47997117,-0.9320102,0.453758836,0.0303862114,-0.149008229,0.8780525,53.6976242,352.051849,336.708771,-0.0818662345,-0.805903733,0.5863592
51898830,0.9940964,1.48025882,-0.9322411,0.453809232,0.0306055564,-0.149647459,0.877910137,53.703804,352.029327,336.6126,-0.08208495,-0.805967569,0.586240947
51898841,0.9965373,1.48048067,-0.9326023,0.45377025,0.0309069,-0.150280356,0.877811551,53.7010269,352.02597,336.528748,-0.08212465,-0.8059389,0.5862747
51898852,0.99867475,1.48070931,-0.9328996,0.453678578,0.0311183259,-0.150918081,0.8777421,53.6893463,352.0102,336.4394,-0.08230887,-0.8058182,0.5864148
51898863,1.00081992,1.4809674,-0.933077931,0.453547567,0.0315989219,-0.151443139,0.8777022,53.68084,352.051331,336.393555,-0.08190444,-0.8057303,0.586592257
51898875,1.00308979,1.48119569,-0.933293343,0.453345716,0.0319680944,-0.152012259,0.877694666,53.660244,352.074036,336.3346,-0.08171177,-0.8055173,0.5869114
51898885,1.00516939,1.481422,-0.9335053,0.452887118,0.03245271,-0.152552158,0.87782,53.61105,352.133,336.30307,-0.08120254,-0.805008233,0.587680161
51898897,1.00726926,1.48163569,-0.9337114,0.452503145,0.03299225,-0.153035581,0.8779138,53.57313,352.201752,336.282,-0.08056945,-0.804615438,0.5883048
51898908,1.00945139,1.481905,-0.9340229,0.452275425,0.03349397,-0.153456211,0.8779387,53.5542679,352.2609,336.260834,-0.0799976438,-0.8044199,0.588650167
51898919,1.01151872,1.48213458,-0.9342469,0.452381819,0.033955,-0.1537989,0.8778062,53.57662,352.301361,336.2331,-0.07953983,-0.804651558,0.5883955
51898930,1.01352823,1.48234594,-0.9345025,0.452625155,0.0343192555,-0.15396744,0.877637,53.6150169,352.333374,336.220978,-0.07913937,-0.8050493,0.5879053
51898942,1.015518,1.482532,-0.934720755,0.452847838,0.0347650573,-0.154142216,0.87747395,53.65295,352.379517,336.215454,-0.07859507,-0.805441856,0.587440431
51898953,1.01750934,1.48274791,-0.9349208,0.452775836,0.0352331623,-0.154442161,0.8774397,53.6537323,352.434937,336.204742,-0.0780254,-0.805449963,0.587505341
51898964,1.01944911,1.48297739,-0.9350544,0.452608466,0.0356816128,-0.154691949,0.8774639,53.6425667,352.496826,336.205963,-0.07741112,-0.805334449,0.5877448
51898975,1.02131939,1.48310828,-0.9351047,0.4522938,0.0360869169,-0.15499045,0.87755686,53.61154,352.555481,336.2025,-0.07686581,-0.8050133,0.588256061
51898987,1.02326787,1.48328781,-0.9351964,0.45184052,0.03652149,-0.155327886,0.8777127,53.5637321,352.62326,336.2015,-0.07625611,-0.804518,0.5890126
51898998,1.02512765,1.48348153,-0.935367,0.451678634,0.03693145,-0.155664667,0.8777192,53.5515747,352.670746,336.184021,-0.07578992,-0.8043919,0.589244962
51899009,1.02696824,1.48371243,-0.935611,0.4516577,0.0372464433,-0.1560595,0.877646565,53.55399,352.6895,336.141724,-0.07559253,-0.804417,0.589236
51899020,1.02879465,1.48387849,-0.93587935,0.451793939,0.03746204,-0.156415954,0.8775038,53.5736847,352.6864,336.09024,-0.0755893961,-0.80462116,0.588957667
51899031,1.03064024,1.48400462,-0.9361627,0.451849,0.03758478,-0.156714574,0.8774169,53.5813026,352.67746,336.045349,-0.0756676048,-0.8047001,0.5888397
51899042,1.032368,1.48409986,-0.936306953,0.451924324,0.0377496369,-0.1569893,0.8773219,53.5927544,352.676453,336.007,-0.07565741,-0.804818749,0.5886787
51899053,1.03419542,1.48425078,-0.936540961,0.4519813,0.0379642,-0.157451063,0.877200544,53.60171,352.668274,335.940948,-0.07572544,-0.8049115,0.588543236
51899064,1.03600574,1.48445559,-0.936727762,0.451945156,0.03825028,-0.157941014,0.877118647,53.6007538,352.674683,335.8804,-0.07566129,-0.8049016,0.588565
51899075,1.03775275,1.484546,-0.936884642,0.451702535,0.03839257,-0.158465847,0.8771428,53.57001,352.665833,335.812531,-0.07580732,-0.8045831,0.5889817
51899086,1.03959084,1.48467839,-0.937078,0.451482654,0.0388233624,-0.159058124,0.8771298,53.54927,352.6976,335.755066,-0.07551771,-0.8043681,0.5893123
51899098,1.0415343,1.48486233,-0.937408566,0.45120272,0.0391485654,-0.159690335,0.8771446,53.5179634,352.7118,335.68512,-0.07542753,-0.8040433,0.589767
51899109,1.0433687,1.48509777,-0.9377059,0.451086938,0.03936911,-0.1601631,0.877108037,53.5055923,352.7134,335.6263,-0.07543304,-0.8039149,0.5899413
51899120,1.04523587,1.48526835,-0.937975168,0.45106107,0.03969681,-0.16088967,0.876973569,53.5052071,352.7054,335.527344,-0.07551603,-0.8039109,0.589936137
51899131,1.04706109,1.48542583,-0.938307643,0.450862885,0.0403020233,-0.1617067,0.876897633,53.49023,352.745117,335.443573,-0.07513361,-0.8037554,0.590196848
51899142,1.04887807,1.4856236,-0.938611746,0.450784624,0.04082126,-0.162478477,0.876771152,53.4882622,352.767761,335.354675,-0.0749037862,-0.803735,0.5902537
51899154,1.05071449,1.48577213,-0.938964367,0.450644463,0.04159116,-0.163052648,0.8767004,53.4871521,352.8526,335.323425,-0.07403158,-0.803723454,0.5903795
51899165,1.05259418,1.485877,-0.9393251,0.4504503,0.0420859233,-0.16340214,0.8767115,53.4737,352.914734,335.311981,-0.07341467,-0.803583741,0.5906466
51899176,1.05452442,1.48602962,-0.9397198,0.450069129,0.0427031144,-0.16374445,0.876813531,53.4404526,353.00824,335.320953,-0.07250731,-0.8032382,0.5912284
51899188,1.05636978,1.4861598,-0.940165043,0.4497155,0.04339509,-0.1641232,0.8768902,53.4124,353.109253,335.328033,-0.07151204,-0.802946448,0.5917457
51899199,1.05824125,1.48625791,-0.940592766,0.449497849,0.0440845937,-0.164546162,0.876888156,53.4008751,353.198273,335.320343,-0.07061177,-0.8028266,0.592016459
51899209,1.060174,1.48644364,-0.9410559,0.44940877,0.04474977,-0.165102184,0.8767956,53.40369,353.2644,335.2811,-0.0699239448,-0.802855849,0.5920584
51899221,1.062022,1.48658276,-0.9415239,0.449349582,0.045622427,-0.165778726,0.8766533,53.41505,353.352478,335.235931,-0.0689951,-0.802974045,0.5920071
51899232,1.06374311,1.48670876,-0.9418615,0.4492606,0.046387963,-0.166448608,0.8765318,53.41993,353.42514,335.184784,-0.06823656,-0.8030248,0.5920262
51899243,1.06562781,1.48681736,-0.942323446,0.449064463,0.0471317954,-0.167269319,0.8764364,53.40988,353.487,335.11084,-0.06761336,-0.8029203,0.5922394
51899254,1.06751049,1.48692536,-0.9428264,0.448761642,0.0478607379,-0.168036237,0.8764053,53.3866768,353.557037,335.050323,-0.06692563,-0.8026788,0.5926447
51899266,1.069365,1.48698878,-0.9434124,0.4485052,0.04854022,-0.168639123,0.876383364,53.36917,353.630676,335.0121,-0.06619136,-0.802496552,0.5929739
51899276,1.0713222,1.48704576,-0.9440303,0.448280275,0.0490042,-0.169223,0.876360059,53.34984,353.66864,334.9584,-0.06582801,-0.802295148,0.593286753
51899288,1.07321286,1.48720312,-0.944592,0.4482783,0.04950594,-0.169829413,0.8762156,53.35913,353.698364,334.892761,-0.06550594,-0.802392,0.593191445
51899299,1.07509315,1.48736966,-0.9451896,0.44829458,0.0499465652,-0.170489863,0.876054,53.3686676,353.71225,334.8119,-0.06534758,-0.8024913,0.5930746
51899310,1.07707429,1.4875282,-0.9458486,0.4481811,0.0504018031,-0.17131567,0.8759249,53.36136,353.721375,334.709747,-0.06526451,-0.8024152,0.593186736
51899321,1.07897413,1.48769617,-0.9464848,0.447775334,0.0508881323,-0.172094867,0.8759515,53.31904,353.756165,334.63266,-0.06496859,-0.8019742,0.593815267
51899333,1.0809257,1.48793221,-0.947019339,0.4473174,0.0515044257,-0.172928751,0.8759852,53.2735825,353.810516,334.5589,-0.0644738451,-0.8015,0.5945089
51899344,1.082941,1.48800611,-0.947560549,0.446597248,0.05208584,-0.173962444,0.8761136,53.1933479,353.856567,334.4605,-0.06411607,-0.8006618,0.595675945
51899355,1.08492875,1.488184,-0.9480984,0.446085036,0.05281146,-0.174972668,0.87613,53.1432953,353.916626,334.367279,-0.06356598,-0.8001381,0.596438169
51899366,1.08688951,1.4883759,-0.948678,0.4455824,0.05367935,-0.176106468,0.8761058,53.09776,353.988678,334.2632,-0.0628823,-0.79966116,0.5971497
51899378,1.08884382,1.48864055,-0.949326634,0.4451065,0.05446264,-0.177039087,0.876111448,53.0547142,354.0628,334.186035,-0.0621718168,-0.799209833,0.597828031
51899389,1.09078932,1.48878717,-0.9499911,0.4448234,0.0553170256,-0.177963421,0.876014352,53.0377846,354.138367,334.1063,-0.06140758,-0.7990322,0.5981443
51899400,1.092788,1.48890436,-0.950583458,0.444156051,0.05646415,-0.178800762,0.8761093,52.982357,354.290741,334.0832,-0.0598933473,-0.7984502,0.5990744
51899411,1.094722,1.48910546,-0.951178432,0.443485469,0.0576096848,-0.17951712,0.8762279,52.92742,354.453247,334.08075,-0.058268033,-0.797872543,0.600003541
51899422,1.09669638,1.48916841,-0.9517971,0.442961037,0.05894144,-0.180152968,0.876274168,52.89655,354.644623,334.099365,-0.0563037768,-0.7975476,0.600622833
51899433,1.09870553,1.48919082,-0.9524692,0.442537963,0.0602132156,-0.1808552,0.8762568,52.8762321,354.8147,334.096741,-0.0545461029,-0.7973336,0.601069033
51899444,1.10064125,1.48932672,-0.953187943,0.442244232,0.0615308434,-0.181613773,0.8761566,52.8730545,354.980164,334.081573,-0.052813977,-0.79730016,0.601268
51899455,1.10258794,1.48934674,-0.953850746,0.442174822,0.0629344061,-0.182367146,0.8759355,52.90035,355.1477,334.0633,-0.0510233641,-0.7975876,0.6010414
51899466,1.10442734,1.489277,-0.954512954,0.442007184,0.06412222,-0.182991624,0.8758037,52.91015,355.29657,334.055237,-0.04945027,-0.797690749,0.601036
51899477,1.10634625,1.48933744,-0.9552506,0.441987038,0.06530659,-0.183703944,0.875577152,52.9377975,355.42926,334.024719,-0.0480276048,-0.7979817,0.600765
51899489,1.10836959,1.48939514,-0.9558654,0.442006141,0.0664612055,-0.184528023,0.8753073,52.9690552,355.5453,333.9706,-0.046777077,-0.798310339,0.600427
51899500,1.110225,1.48941207,-0.95653677,0.441997647,0.06766544,-0.18522796,0.8750715,52.99911,355.681641,333.943237,-0.0453164428,-0.7986262,0.600118935
51899511,1.11213207,1.48945427,-0.9572189,0.44191125,0.06890766,-0.1861035,0.8748324,53.0199051,355.8132,333.891876,-0.04391715,-0.7988445,0.5999324
51899522,1.11412024,1.48951125,-0.9578397,0.441669583,0.07005549,-0.1871028,0.874650061,53.01831,355.927,333.818665,-0.04272715,-0.798827767,0.600040436
51899533,1.116152,1.48950577,-0.958615661,0.441303968,0.0714457259,-0.188057765,0.8745174,53.0087967,356.090851,333.777679,-0.041020222,-0.79872787,0.6002926
51899545,1.11811233,1.48958945,-0.9592711,0.4409596,0.07258364,-0.188893989,0.8744171,52.99533,356.222565,333.736572,-0.03965248,-0.7985865,0.600572467
51899556,1.12008691,1.48965847,-0.95988214,0.440526247,0.0736702755,-0.189564288,0.874399662,52.97021,356.365,333.724243,-0.03818156,-0.7983225,0.6010186
51899567,1.12200427,1.48968244,-0.9605231,0.440171927,0.07467794,-0.190367833,0.874318063,52.9521942,356.478668,333.6788,-0.03700462,-0.7981331,0.601343751
51899579,1.123919,1.48980355,-0.961171269,0.439669877,0.0757195354,-0.1911821,0.8743034,52.91693,356.604736,333.6407,-0.03571032,-0.797762156,0.601913869
51899590,1.12582111,1.489881,-0.9618031,0.43924284,0.076777,-0.192006469,0.8742451,52.89157,356.728424,333.59848,-0.034431085,-0.7974952,0.602342
51899601,1.12782872,1.489914,-0.962460637,0.438498974,0.07775751,-0.192994088,0.8743145,52.824234,356.8422,333.5359,-0.0332863927,-0.796785533,0.603344858
51899612,1.1297859,1.48998666,-0.9630445,0.437749147,0.0788624138,-0.193960667,0.87437737,52.76007,356.9782,333.486542,-0.03190121,-0.796108365,0.604312837
51899623,1.13173079,1.490016,-0.963659644,0.4370521,0.0800569355,-0.195088357,0.8743666,52.7047653,357.111938,333.4135,-0.0305293351,-0.7955239,0.605152667
51899634,1.13368273,1.48998117,-0.9643147,0.4364684,0.08127891,-0.196270287,0.87428087,52.66444,357.239349,333.327972,-0.0292103589,-0.795097232,0.605778158
51899645,1.135593,1.48988819,-0.964869261,0.436214924,0.0825735554,-0.1975164,0.874005437,52.66732,357.3556,333.222229,-0.0279797316,-0.7951277,0.6057963
51899656,1.1376,1.48988867,-0.96542263,0.435970366,0.08372385,-0.19860965,0.8737702,52.6677742,357.460968,333.1314,-0.0268650353,-0.7951325,0.6058403
51899667,1.13965511,1.48987091,-0.9661468,0.4358704,0.08501157,-0.199664682,0.8734552,52.69061,357.584229,333.051331,-0.02554825,-0.795374155,0.605580032
51899678,1.141588,1.489816,-0.966782331,0.435791582,0.08630119,-0.200575277,0.8731594,52.7167664,357.719055,332.995483,-0.0241086483,-0.7956508,0.605275631
51899690,1.14353585,1.48973632,-0.96744,0.435576171,0.08741589,-0.201204151,0.8730113,52.7216759,357.856964,332.981079,-0.0226493478,-0.7957027,0.6052637
51899701,1.14541757,1.48969436,-0.9680003,0.435456365,0.08880715,-0.202021986,0.8727418,52.7463951,358.018372,332.950867,-0.0209320933,-0.795963943,0.6049821
51899712,1.1473465,1.48972893,-0.9686506,0.435211629,0.0901218951,-0.202992439,0.8725039,52.7532,358.160736,332.893524,-0.0194259286,-0.7960358,0.604937732
51899723,1.14929712,1.48970962,-0.969258666,0.4349009,0.0915939,-0.204071969,0.872253656,52.7565575,358.322571,332.83197,-0.0177159458,-0.7960713,0.6049435
51899734,1.15135884,1.48971462,-0.9699656,0.434530944,0.0930367,-0.205184937,0.872024238,52.7519379,358.479736,332.7647,-0.0160579085,-0.7960225,0.6050541
51899745,1.15328979,1.48968863,-0.970606446,0.43411684,0.09452197,-0.206120357,0.8718501,52.7436943,358.661346,332.733337,-0.0141426623,-0.7959354,0.6052163
51899757,1.15522337,1.48965287,-0.971294761,0.433819443,0.09588223,-0.207110465,0.871614933,52.74635,358.811829,332.677734,-0.0125523359,-0.7959634,0.6052146
51899768,1.15721786,1.48968673,-0.971974,0.43384555,0.0972821862,-0.208001882,0.8712345,52.7907333,358.960571,332.628784,-0.01097019,-0.796432137,0.604628444
51899779,1.159155,1.48967421,-0.9726753,0.43390128,0.09852807,-0.208478883,0.8709526,52.8347969,359.118683,332.6391,-0.009291947,-0.796896935,0.6040438
51899791,1.16111314,1.48968625,-0.973372,0.433796674,0.09970089,-0.20894213,0.870760262,52.85683,359.274475,332.652954,-0.0076456517,-0.7971292,0.603760362
51899801,1.1630578,1.489724,-0.973968863,0.433751971,0.100819565,-0.209558174,0.870505631,52.88464,359.405151,332.633453,-0.00626453757,-0.7974222,0.6033893
51899814,1.16507411,1.48971343,-0.9746003,0.433300078,0.102110632,-0.2103792,0.87038213,52.8670769,359.5668,332.6081,-0.00456410646,-0.7972372,0.6036489
51899824,1.16706216,1.48976064,-0.975214,0.432739884,0.103689954,-0.211394936,0.870228052,52.8449326,359.763763,332.575073,-0.00249022245,-0.7970038,0.603969157
51899834,1.169146,1.48984551,-0.975798249,0.4320409,0.105343141,-0.212480158,0.8701125,52.8080673,359.9735,332.5409,-0.000279471278,-0.796615,0.604487
51899846,1.171199,1.48997235,-0.9763999,0.430969238,0.106960572,-0.213699579,0.870147943,52.72415,0.184203878,332.494934,0.00194714963,-0.795728862,0.6056499
51899857,1.17323983,1.49001884,-0.9770392,0.430174232,0.108456142,-0.214636445,0.870125651,52.67118,0.3853966,332.4774,0.00407880545,-0.7951686,0.6063748
51899869,1.175252,1.48997736,-0.9776912,0.4295897,0.110009685,-0.215584546,0.869985,52.6463737,0.5843401,332.453735,0.006187752,-0.794905961,0.606701136
51899880,1.17729354,1.49010634,-0.97836256,0.4292014,0.111538947,-0.21656242,0.869739,52.6454964,0.7669722,332.415161,0.008121759,-0.794896662,0.606690466
51899891,1.1793834,1.49008274,-0.9790473,0.428902566,0.11303468,-0.21756424,0.869443238,52.65502,0.93764466,332.366272,0.009926766,-0.7949975,0.6065315
51899902,1.18147624,1.49010491,-0.9796512,0.428673446,0.114609569,-0.218418017,0.8691359,52.6757164,1.13049817,332.3465,0.0119625777,-0.79521656,0.60620743
51899913,1.18355906,1.49018013,-0.9802816,0.428216875,0.116120815,-0.219275832,0.868944466,52.6664352,1.3237226,332.329681,0.0140098631,-0.795118332,0.606292546
51899928,1.18565547,1.490164,-0.980867743,0.427649736,0.117815353,-0.220322862,0.8687307,52.6495628,1.53555644,332.2978,0.0162576139,-0.794939756,0.6064705
51899937,1.18767238,1.49011946,-0.9813354,0.426941663,0.119614422,-0.221387327,0.8685625,52.6187477,1.769435,332.275726,0.0187462568,-0.7946133,0.6068264
51899946,1.18981481,1.49003923,-0.981871963,0.4263797,0.121287234,-0.2222986,0.8683738,52.6021957,1.98886442,332.265045,0.02107808,-0.7944379,0.6069795
51899958,1.19194388,1.48997474,-0.9824227,0.4259253,0.122960381,-0.223383009,0.868083239,52.59973,2.188177,332.22,0.0231907368,-0.7944118,0.606936753
51899969,1.1940937,1.489919,-0.9829726,0.425608337,0.124749564,-0.224436939,0.8677115,52.618187,2.40237,332.184021,0.0254488,-0.794607341,0.6065902
51899980,1.19619,1.4899168,-0.983523846,0.425298333,0.126465112,-0.225451961,0.867351949,52.63545,2.60763168,332.148865,0.0276108384,-0.794790268,0.6062558
51899992,1.19843149,1.48986316,-0.983905554,0.425114125,0.128106728,-0.226411283,0.866951346,52.6662254,2.79981518,332.113281,0.0296233445,-0.7951161,0.6057333
51900003,1.2005837,1.48978448,-0.9843855,0.424703568,0.129741982,-0.227222562,0.8666971,52.6684151,3.01434278,332.111,0.031889528,-0.7951393,0.6055878
51900014,1.2027353,1.48965788,-0.9847971,0.424326271,0.131584078,-0.227959365,0.8664107,52.68108,3.267355,332.1363,0.03455341,-0.7952733,0.6052657
51900025,1.204797,1.48948646,-0.9853369,0.423758477,0.133468971,-0.228851438,0.866165042,52.67214,3.52258062,332.144043,0.03725685,-0.7951787,0.6052296
51900036,1.20690393,1.48924446,-0.9857745,0.4232863,0.13526313,-0.229755074,0.865878344,52.6726074,3.75758076,332.139374,0.0397384763,-0.795183659,0.6050652
51900047,1.20903552,1.48906636,-0.986186,0.423108459,0.136986628,-0.230713844,0.865439236,52.708065,3.96297646,332.10968,0.0418732464,-0.795558751,0.6044278
51900058,1.21113038,1.48889756,-0.9866601,0.422888041,0.138719156,-0.231879041,0.8649594,52.7397881,4.15389442,332.0459,0.04385513,-0.7958941,0.6038454
51900069,1.21312165,1.48871732,-0.9870362,0.4227164,0.140439913,-0.232881665,0.8644962,52.77681,4.354854,332.0081,0.0459337234,-0.796285152,0.6031749
51900081,1.21517372,1.48864508,-0.9875083,0.422532469,0.142030716,-0.233840644,0.8640672,52.8083458,4.53902626,331.9683,0.0478376448,-0.796618,0.602587163
51900092,1.21719134,1.48847723,-0.9879353,0.42232728,0.143555924,-0.234667063,0.86369133,52.8347549,4.725034,331.947418,0.04976341,-0.7968965,0.602062762
51900103,1.21931314,1.48829651,-0.9883987,0.422018856,0.1450519,-0.235485435,0.8633694,52.84756,4.91158247,331.928955,0.0517081469,-0.7970315,0.6017201
51900114,1.221399,1.48797667,-0.9887427,0.421503842,0.14657332,-0.236325413,0.863134444,52.8357468,5.10948372,331.9151,0.05380082,-0.796906948,0.601701558
51900125,1.22344935,1.48774409,-0.989079952,0.421000242,0.148264289,-0.237068161,0.86288774,52.8302841,5.342963,331.930878,0.05625938,-0.79684937,0.601552963
51900136,1.22564685,1.48754859,-0.989571333,0.420538783,0.1500169,-0.238066241,0.862535,52.8338356,5.5623436,331.905029,0.05855748,-0.7968868,0.601284146
51900148,1.22766566,1.48730063,-0.989943,0.420345068,0.151614025,-0.238838777,0.8621364,52.8647041,5.764413,331.89856,0.06063454,-0.7972122,0.600646436
51900159,1.22972023,1.48709571,-0.990226746,0.420230567,0.153150856,-0.239652514,0.8616947,52.90408,5.94970846,331.877838,0.06251992,-0.797626853,0.599902153
51900170,1.23175716,1.48687267,-0.990703464,0.4202732,0.15449217,-0.240500033,0.861198246,52.9574,6.093391,331.8313,0.06394532,-0.798187852,0.5990052
51900181,1.23368657,1.48662925,-0.9910852,0.420212835,0.155870527,-0.241270646,0.860763669,52.9987,6.25436926,331.804352,0.06556533,-0.798621833,0.5982511
51900192,1.235522,1.48642826,-0.991489768,0.4200441,0.157275945,-0.242157891,0.860341132,53.0283928,6.414223,331.762146,0.0671879351,-0.7989336,0.597654462
51900204,1.237464,1.48621571,-0.9918717,0.4197356,0.158626169,-0.242986813,0.860009968,53.0386925,6.576101,331.730042,0.06885974,-0.799041748,0.597319543
51900215,1.23931348,1.48595357,-0.9921771,0.4194307,0.160008639,-0.2436011,0.8597288,53.048996,6.762,331.7382,0.0707805,-0.7991499,0.596950233
51900226,1.24109781,1.48567522,-0.9925662,0.4190876,0.161180034,-0.244409427,0.8594479,53.04956,6.89775467,331.6966,0.07219377,-0.7991558,0.596773148
51900237,1.24277091,1.48542583,-0.992763758,0.4188259,0.162481442,-0.245132938,0.8591243,53.0638924,7.058911,331.677765,0.07384746,-0.7993061,0.5963693
51900248,1.244513,1.48530579,-0.993011832,0.418609172,0.163628757,-0.245981842,0.8587694,53.08018,7.18182468,331.623383,0.07509822,-0.7994769,0.595984
51900259,1.24619019,1.48515415,-0.993263364,0.4181694,0.16472362,-0.246860564,0.8585222,53.06741,7.30276155,331.565826,0.07637867,-0.799343,0.596000969
51900271,1.24799263,1.485009,-0.993532658,0.4177649,0.165807635,-0.2478311,0.8582308,53.0596848,7.41232538,331.4901,0.07753216,-0.799262,0.5959606
51900282,1.24963462,1.48498416,-0.993767738,0.417420924,0.16681385,-0.248655751,0.8579646,53.05599,7.519404,331.4323,0.07865253,-0.7992232,0.595865846
51900293,1.251276,1.4847995,-0.994001746,0.4171407,0.167767361,-0.2494963,0.8576709,53.058876,7.6137495,331.365753,0.07962826,-0.7992535,0.5956955
51900304,1.25287282,1.48465729,-0.9941046,0.41684103,0.168612286,-0.250322223,0.8574102,53.0559,7.69232035,331.2938,0.0804506242,-0.7992223,0.5956269
51900315,1.25448418,1.48448968,-0.994182348,0.416383058,0.1694885,-0.2510269,0.857253969,53.03323,7.79325771,331.250031,0.0815427,-0.7989844,0.5957976
51900326,1.25609648,1.48440528,-0.9942235,0.415927142,0.170338944,-0.2518763,0.8570576,53.0114441,7.87710857,331.1785,0.08245619,-0.7987557,0.5959785
51900338,1.25759745,1.48427057,-0.994255662,0.415603161,0.17117399,-0.252590358,0.856838167,53.00453,7.96485,331.125977,0.0833821,-0.7986831,0.595946968
51900349,1.25910366,1.48415923,-0.9943391,0.415317476,0.17188184,-0.253178179,0.8566615,52.9972343,8.041207,331.0848,0.08419047,-0.798606455,0.59593606
51900361,1.26054883,1.48406339,-0.994350553,0.415338874,0.1725306,-0.253705829,0.856364548,53.0258522,8.100451,331.04126,0.0847504,-0.798907,0.5954536
51900371,1.26200378,1.48395526,-0.9943824,0.41545248,0.173048213,-0.254195958,0.856059551,53.0614471,8.13763,330.991638,0.08506648,-0.799280465,0.5949071
51900382,1.263417,1.48391712,-0.9944266,0.415388882,0.173531577,-0.254697263,0.855843544,53.073967,8.175512,330.942169,0.08543494,-0.7994118,0.594677746
51900393,1.26484036,1.48379016,-0.9944172,0.4153928,0.174029142,-0.2551304,0.855611563,53.0947838,8.218929,330.904022,0.085844025,-0.79963,0.594325364
51900405,1.26628208,1.483691,-0.9944216,0.415146381,0.174676225,-0.25579074,0.8554022,53.0914764,8.277255,330.8441,0.08645566,-0.799595356,0.5942834
51900416,1.26760554,1.48372591,-0.994370341,0.414909542,0.175533116,-0.256617934,0.855093837,53.09794,8.354927,330.770569,0.0872481,-0.799663067,0.5940764
51900427,1.2689625,1.48360109,-0.994298935,0.414618,0.1763423,-0.257205248,0.8548923,53.09381,8.448195,330.737335,0.08822352,-0.7996198,0.5939906
51900438,1.270192,1.48347187,-0.9941808,0.414319724,0.176970512,-0.2575697,0.8547973,53.0807838,8.531637,330.729675,0.0891154259,-0.79948324,0.5940412
51900449,1.27147174,1.48322678,-0.9940592,0.414188564,0.1774777,-0.257860333,0.8546681,53.08395,8.594782,330.72113,0.08976345,-0.799516439,0.593899
51900461,1.27268815,1.48311377,-0.9939847,0.4141294,0.17798087,-0.258071363,0.8545284,53.09519,8.661326,330.724457,0.0904295444,-0.7996342,0.593639255
